customer_id,brand,name,card_number,expr_date,cvv
3,diners-club-international,Raynard Bellward,36044882608108,2027-01,673
46,jcb,Ranice Trueman,3569614528686715,2026-06,421
6,maestro,Marlow Dorbin,502068115975783929,2025-07,645
18,mastercard,Lanie Oblein,5100170498028330,2025-09,590
10,switch,Davida Pierro,6331108325703385,2027-10,626
82,jcb,Caddric Dowry,3586144532771856,2027-04,851
35,jcb,Dierdre Cookes,3538833707300595,2025-04,843
65,instapayment,Karin Alf,6378359528123426,2025-08,436
7,jcb,Candice Bowkley,3542870036694144,2027-07,544
93,diners-club-enroute,Kip Younghusband,201987751042081,2026-10,960
77,jcb,Sunshine Cheltnam,3577483218562341,2027-02,721
80,visa,Lenci Carnegy,4041379114630,2026-09,733
49,visa-electron,Forest Powe,4917243373508993,2026-12,697
59,jcb,Justino Spriggin,3556053692353908,2026-07,386
91,china-unionpay,Malcolm Godfrey,560222568118651646,2025-06,194
94,maestro,Donny Widger,6304400850771025,2027-03,737
56,jcb,Bobina Monan,3572000009391295,2026-03,365
15,laser,Sherri De Courtney,670994448688367290,2026-03,302
31,diners-club-enroute,Fiann Le Cornu,201839015894239,2026-02,921
21,jcb,Randi Lyddy,3552119927832661,2026-08,321
46,jcb,Katuscha Garbert,3553767260170799,2027-08,157
10,maestro,Thaine Denington,060452360021349175,2025-04,538
77,jcb,Cyndi Ucceli,3555254756311698,2027-10,905
46,mastercard,Jehu Woolhouse,5108755406873835,2026-11,362
23,jcb,Bogart Gennrich,3580644171496018,2027-11,586
33,solo,Marin Garman,6767008154423928,2027-10,265
13,jcb,Yehudi Walls,3537499012734711,2025-05,278
1,mastercard,Renato Cultcheth,5100136995114121,2026-08,580
56,americanexpress,Elysia Bristowe,374288259045200,2027-07,144
60,jcb,Kerry Twyning,3539871218927224,2025-04,456
18,maestro,Rik Janjic,6304006453706936,2027-11,936
48,bankcard,Hobard Lowder,5602233800275016,2027-11,350
19,jcb,Millicent Pimm,3562046183691580,2025-08,247
55,china-unionpay,Ansel Fliege,5602237870697413,2027-11,435
85,americanexpress,Jonah Blackney,374283080295892,2027-04,937
46,diners-club-enroute,Wakefield MacCallum,201744574675245,2025-06,910
68,jcb,Bordie Brettor,3563017883666627,2025-06,556
61,visa-electron,Harlin Hales,4175000015399653,2027-02,140
99,bankcard,Rochette Whittles,5602250904473396,2026-09,485
33,jcb,Preston Cawcutt,3571878658100609,2026-08,721
47,jcb,Rhianon Hows,3539658049959835,2026-04,942
54,jcb,Dacia Prestedge,3556342334140363,2025-04,172
97,jcb,Abbie Eingerfield,3543292237434544,2026-04,972
28,jcb,Wolf Masseo,3554326705910423,2025-11,681
62,jcb,Myranda Danielsky,3548869556908185,2027-05,650
86,jcb,Gordy Atterley,3567082631730949,2025-12,344
61,diners-club-enroute,Jozef Knapp,201957658756141,2026-06,506
79,mastercard,Rube Govett,5483600704507815,2026-08,714
63,jcb,Albina Chandler,3548943645298682,2026-03,281
50,jcb,Merv Ghest,3555016989749824,2026-11,180
46,mastercard,Tobey Chomicki,5002352540264639,2026-04,130
74,diners-club-carte-blanche,Trenna Reader,30451965729402,2026-04,945
91,jcb,Robinet Ingliss,3534828673787399,2025-12,987
4,visa-electron,Joelle Cullimore,4405910932124301,2025-07,963
83,china-unionpay,Evaleen McGrorty,56022546592393605,2025-04,447
48,jcb,Bendicty Draisey,3586682638225921,2027-04,193
63,diners-club-us-ca,Obie Alen,5488067961861639,2027-03,712
4,diners-club-enroute,Grover Todeo,201971675149826,2025-04,375
69,jcb,Ag Dumberell,3532800635353661,2027-10,367
85,jcb,Zitella Goater,3532164912778839,2026-06,643
64,maestro,Selia Newport,5038309972151203,2025-05,234
99,jcb,Lionel Ommanney,3573439951258590,2027-01,177
88,bankcard,Francois Shyre,5602232691547897,2026-04,847
83,jcb,Salim Beattie,3548367225288568,2026-06,622
99,china-unionpay,Jarvis Conaghan,56022236386666883,2027-05,831
45,diners-club-enroute,Constantino Pringour,201415452236919,2026-11,778
7,laser,Tedda Hellyar,6709788993903068181,2027-03,166
45,bankcard,Toma Spino,5610436040213289,2025-04,428
71,mastercard,Erie Paolini,5340996324420188,2027-02,864
6,jcb,Tito Kilpatrick,3543099990077273,2027-07,700
43,jcb,Consolata Bomb,3557341935792399,2027-04,505
32,solo,Winslow Brooksbie,6334680345740641637,2025-03,635
50,mastercard,Vergil Berecloth,5048374299172686,2026-04,282
6,jcb,Jerald Chevis,3551234574158111,2027-04,148
55,jcb,Ephrem McAvaddy,3552316319574741,2025-07,545
48,mastercard,Chelsy Bayman,5100144538983127,2026-03,167
9,mastercard,Kania Hay,5100172029147100,2025-09,221
42,visa-electron,Tootsie Sainsberry,4175007469189951,2026-09,915
43,maestro,Jeanette Macrae,503830368925627812,2027-06,183
17,diners-club-carte-blanche,Imogen Ekell,30302955764117,2025-09,951
24,americanexpress,Raphael Gatty,374283165924721,2027-12,757
27,solo,Phelia Langer,6334699138724928362,2027-08,408
92,jcb,Mitch Sturte,3565951785972634,2025-07,756
89,maestro,Reinold Pourveer,5020171453029230072,2026-06,878
14,laser,Clevey Abercromby,6771956570958162,2027-11,698
33,jcb,Norbert Breslane,3584421489147153,2026-08,774
22,switch,Hilario Paule,491170383704181424,2027-04,189
81,jcb,Zonnya Stable,3533250220282546,2027-12,466
68,jcb,Valida Worledge,3573120996112725,2027-06,936
63,laser,Blanca Gatherer,6706187773712004,2025-10,618
93,mastercard,Ward McLevie,5100176615216666,2026-09,531
47,jcb,Klarrisa Degenhardt,3547156534921493,2027-10,138
14,switch,Sargent Pedden,490523725022570215,2027-03,110
55,bankcard,Elston Bree,5602240568690476,2025-06,660
82,mastercard,Paxton Paolotto,5100179921967915,2025-05,214
22,visa-electron,Radcliffe Ishaki,4405531540563365,2027-08,544
21,jcb,Loretta Haysey,3581207282817396,2025-05,332
64,jcb,Israel Woolford,3559074451045821,2027-09,527
97,jcb,Clair Wyldes,3531392599599563,2025-03,922
42,americanexpress,Allegra Foyle,374288180767377,2027-12,136
