name,email,pass
Colin Seys,cseys0@amazon.co.jp,"jX1""PV05#c&yzJLa`T}N'I}}iE(a$G.!f""sVNVF>1.0,4uhA?$VxMu+~/@*Q5Y1D\d+G}6"
Brandais Gertray,bgertray1@blinklist.com,"gW3|q'?c6jS`AD91v$ODLHjN,|97o>D|IGyq%9U17""&5mnx""sxh8Se$EM@w4N<v4M|wcr~~#C<Y)ypX7#$!Z%"
Duncan Coulston,dcoulston2@sohu.com,pK5|e2R4e$jA>7wo9b'=8d%cuW_@+iqi0#)2%m'mYMFUx.y}(NGno0`832uUGDKC(OGJ<?qnVbQp|tyR7
Jillie Heino,jheino3@wired.com,"dO4(57nVOR,.&%OKpjjI92dSYsIstF,}cJ?trKpYw(}t/.}87OH2cB{~MV1A||EjWr7#EQh"
Filip Banyard,fbanyard4@fc2.com,"yZ8{*,X/""Gn#Bu%)arv2cc?S{c/ZP7L5SiRRZLP(|e0cGP&7lA`}ElB,gu#PWX,c>XZ2+*"
George Handaside,ghandaside5@gov.uk,"sZ7(gRrN.F#i'njpJ1N/*/'E""+GKgFD8T*Ks@5XS2a*YCjW2E`&2|"
Allyson Samsin,asamsin6@boston.com,"eQ1+2BqrmWCq*Y=""pWS/7Qo!bGYG5`,gWe)cveKtni@5mk@5`.x%I{7iV*$M\lu%WA%Lr&'&c""7Gpn"
Carol-jean Sazio,csazio7@booking.com,"kD5&5GkGRi5g+NGE%\`@XTr|\a!UvHry}<bF""\_2}KmfdIcO,z,K<csfDBW39/64=eQP"
Bridgette Stegell,bstegell8@gmpg.org,"cQ5.`%%90j5*pVYq|/KqkyL<~V$V~0CnF~YH~otwXT,QfD`Rr81$Z*l+.oiAN0a\.t/.0p9h?EY5Kp*GoWm"
Robinson Darch,rdarch9@yandex.ru,gN6*E#P~4L2y5B~g#O#bQU~M(\4s`W)dG+><F}m6{pH~XGUX57\Q%.O3dV'+jr7b#WrT`Sz9
Dionysus Mallen,dmallena@360.cn,"gE9.9*f7fF""6hn1""K@Sa>?I$jQ0,.kqx|O{g(PG_lMTHcdWX7_8~aJPT.O"
Roberta Coomber,rcoomberb@dagondesign.com,oJ9+M(u@W5x>xrM@E)5j+fXBMvh/sMUiW!+S/pF%Z{C$LW
Blane Bockmaster,bbockmasterc@uiuc.edu,"gP2+xXTmYD{5+|sr\+BVV2<jj7s!*eypru>j|TkUJ'""AEJdLq78G`|tF/*KidvEpG)7*Ns_|j~>/u"
Angil Agglione,aagglioned@ucla.edu,"cZ3({500&!{neY!E``9\OHRqOPn(Rfcb>C|CBH~X'&Q5~""""Ri'gH_1q3V""E`q"
Irene Adin,iadine@uol.com.br,gQ0{|{zT6CP(('4#G`=JJY%#js~QM.N}bEsQ478'yXbwc4tqB`{X|mTSQb<=b3pOC5M/\V4Syg5
Rossy Deakins,rdeakinsf@columbia.edu,"xC2(AL+5X@AV&oyar<%PSfl)=""AJ8lnjOCcoYrETR>\Zl"
Tilda Lazenby,tlazenbyg@bloglovin.com,"cR0|Ba!jeb$5QC2JsNt{cy$nG|XTt1eAT9$Li@2lj+jMC8m,~Vu|yrFUGv.@>vtMLl.`AwpUWH{#AIDxWlq8%}I"
Jocelin Firmager,jfirmagerh@loc.gov,"aO4\z443TpC~v0soB_/$CCfzZ_rDfVataA7<%?k~H$}A+m8&T)IK@""0a6lW%FqGi2!1Pl!/6v5c1M&!BGLT%""=v"
Angela Biddiss,abiddissi@behance.net,lG3</2v4jDOBLupxi$RDxOWRoSIZxez<YGU@E#WlHir'{~&pfnxOXLKjt`_r~LmvJ(on>sLB~I`%=h@#y@ljL.|b5h
Juliane Wrennall,jwrennallj@addtoany.com,"gP6.LB/JuAsr|tA6m6#7U|,D`NSHf8B(N@o1/}/d_MJXx6w|jrIlXMq#QoQ&a"
Lenore Ind,lindk@ibm.com,hY8~{#ye0TQzy+<'V9!/Zeu=eeZCQM6~&c@+&*D=Fj}NUccWaWJSlDHAAi993#pMW8Y\or.*`
Alane Worstall,aworstalll@mlb.com,"zY1}FE%M3hJW""JT\'ob>Uo}7|SI~QC=OX,x*{=rm""ubK\%""f7cjdI,F\NZN!"
Gerry Lashford,glashfordm@businessweek.com,"uE1<o{x9Y)Uw6k?)UzU""ViDg./sTD\0j)Z68nF9xu1st7{%c5"
Melonie Tettley,mtettleyn@google.com.hk,"rJ8""+|bb!%/sroJ6BKx>y46rYJtE98<1\<61&yUi9|DG5G+I=K_41@QFWR"
Maxim Gawthorpe,mgawthorpeo@odnoklassniki.ru,"jP3~~x%0yaSyI'Ct/s{VixN8%txBj?kRK\0VH(i&NN2E38j,P7GOg!pZZ!1jlel5LR!"
Henry Beslier,hbeslierp@tmall.com,"hU3$V35/ziW'C`0/q9R/BnBUMmcB`ncl(`yE6Bw{E4/+Lblj1i+enr(h0bL&""WwxuHo4\H"
Tallie Muddiman,tmuddimanq@instagram.com,"nS7=Wn!GyuLh<=)""2{4$LK<8WlGa`l(U>X6+jb%q5v""""AMLT~8yI1H94}.~3h%n/5"
Hogan Brailey,hbraileyr@hubpages.com,"sZ2@~y@eJ""tggxKwO%Yq.')i<C28Hh+8L.E5WpWG2U""'SNiw?AEJwb&!|cpu96.}K!OV5fSM`/JiQ)9e"
Tabby Le feuvre,tles@mit.edu,"vA5~MerJpH,(Quy$rK~4MF9|(RM'u3mr\|B54G&Qgo/!co"
Guenevere Novic,gnovict@chron.com,"fB1~@HJp@HDf9k=AA?hw""58V1cl$RWGmD@+@Ojldx${8PLN0HebPzK7ZbT|{932r<_nTx.H2#`CXFTm?Y*\z``Sa'C"
Holly-anne Creeber,hcreeberu@deliciousdays.com,"eN1`D&LN8W..9UzTz|3jDLlPq*,yW.!.bd*,VQlvB\~%|VoJ/pS""(RM0n!>{!|K9*j"
Clim Gallamore,cgallamorev@themeforest.net,"cA0_/)5N\|N'<4@0.w,}6O$n}AKbgc&IBS1a9pSaCdnS<7Uct4|6{d4""*<{x.DMLGI>Ih}"
Minetta Jockle,mjocklew@imgur.com,"pD5%`wrR698!8)+r~4t/MH>d6_>08=oYa%e$N&Y!$#>yDran0""DLg0su|%u>C|v_f.|Jpp*LH#KK_0b}r$L)`~"
Otes Gerren,ogerrenx@independent.co.uk,"aO0.yGOcnT~|CV{qgoG#5""Wx3(G@En25T?rZ&g/Tq$f~&817soS2aI$2V9=7t(y`MmHI+t8wTpGMH\$j6wM~Ze"
Robina Pearcehouse,rpearcehousey@amazon.com,"xY9|XNvpINIDEK&#.a@tElT?GU&/aXUCzb7ARUfaO5ulR4dv0fYM5L""N*J2rU@Gxr!quuBG"
Roby Bustard,rbustardz@noaa.gov,"oU2>3YNNVtqrBTVQVj7Fsu.U!xM1""ZM7t\/?&&7gN/aBqwo(+7TeL32yJNWYUIHf7GO9"
Josy Folli,jfolli10@shop-pro.jp,"fA9"".&B>DJe%`#++|F\LP/8L{L56""'@oEfhYQN9x3DNYWA&v7GaV(xO(Stb%=B>9K7J*im"
Tarrah Caustic,tcaustic11@weather.com,"nU6<s!}sLPFv}nG2naTF=,Or{%~L(E,~Fp#.F2@)Wu}O{hZ7z"
Thain Merrington,tmerrington12@ezinearticles.com,"bO8<&YYZD.p/l&2DoZ%,n.iBi""#vUuAdI,!mE#)BUQ\oru,{'KKGJFsdnL8FLfd.rE8vV"
Anson Havesides,ahavesides13@mit.edu,"gA0/FT0LL~w7Jz>Z45ilq%pQr,J=>k36CP8Oq.h7M(g6U!Y0EW_%dGe|.Q.*j,OhX$U|Z@<""v_Mww"
Tessie Olivo,tolivo14@so-net.ne.jp,"uM4)NCUb_7.XzHFQ""8ASy1$'(\8x7{/{p!go&<'{9`cDEgu3hcSyx@2CBBx\G}7XieTYsTiEHu""PJijc2K>B}M~lfy"
Sephira Nise,snise15@comcast.net,"rY3*r2a)(C*v0)y2Qx$+gZpo1k=VPrez{C@>C`5O7gpCx{4Pe}GC3Fz9blBJ'Y,?QL""$\j&Wq"
Idalia Southerill,isoutherill16@nydailynews.com,"wL8)l6o<z\b\5+Xm@R9Q|btVuJ""650TIz?c3d3""H7r0og,7pm"
Tommy Abthorpe,tabthorpe17@ft.com,uE4@Gg0yoss`En8urPUI.IG*qK3@Xr'Vyd`3DP4M!T{q'Ik%`8cI6c98
Gibby Sprosson,gsprosson18@utexas.edu,"nN4'#CWxD#SY`>.XtiJ0V?_QR@E0TUTQ""0.y1Q#LYXr1,bP6<..0fc"
Lolly Comiskey,lcomiskey19@redcross.org,"dA2@}0fTW&cO{0bIyuv!U~t2moRKnwx""?H/cV|D.3'R2+YdLnWw,w{CBQ}GLuy=xn>I_!%)"
Niall Wolfart,nwolfart1a@webeden.co.uk,"lS7#?mykd~TFC68!l4AO{L<$w~""G0\Nb6,@uk6t<2Fv~iixrFgxf\Kqd<v%Tf_$.%*~*dD+Gl1#Lf'_SvJ*""|M"
Annalee Kusick,akusick1b@java.com,jB3@AkD7%$R4M0i\~=rc(Qp>t&z#\apkI6M%}@by\LK2zOZ%u=
Franni Di Domenico,fdi1c@oracle.com,"eC7@OW1csgb""7}`KZZRjh2Hs5CcoYcyNdrWAHzyLq7XReNRN?&fLbQ>d""EByhMLK<vUKlr`jk3bDc4("
Gwendolin Huddleston,ghuddleston1d@yale.edu,"sT5.%<qAk$RvD>r('""yKgVL|1vOA|sfCrmQ""9'fid}X|W>l%P5?4,sE{.5|3"
Martelle Frankum,mfrankum1e@tumblr.com,"gB6{#p+paWxJ@W9i8.rRK8y$pV3#v+}/qFd3)=s5?=,f6t%sl~Ah_8iVsZcb7"
Tamas Silburn,tsilburn1f@guardian.co.uk,"aT8?~*7rv""UiX)')DnzzX|!KE.uNN4YDi#5IZW?_,WtA6Z()PlOB9G\z?`7>B8nJYVCf"
Gaven Bentote,gbentote1g@csmonitor.com,"sK5#0o1u0`~d""sGV(v}=aetvnyLq6_k2_y736!wyLzXGL/T""#aL=.pBR//Ylq'kN!>yMJ~'e({0<|@d,f/B"
Nelly Burge,nburge1h@yellowbook.com,"aE0#~N/{J25%_$,?Co9+R)+0+%Ev{#2HpYaMvhvZ/fyt`2C+8cfygVxVB*DJdynM/SrG="
Maurine Headly,mheadly1i@weather.com,nP1<`%6zKxA<y`fuB4P.%uK<wC%m92OkQt@qr&zzHE`G/L8|3e(uXGC1IU}wy{SS/P1j!a0r=&Jcs/N=Ql6Jb=O
Bat Brannigan,bbrannigan1j@europa.eu,"zD1<v(L_B|/c|~nJ`|(Og8?tBdhDT|T9`gI.B~qig6m+dsc!P#@5eXdqMyAT""uEH1!{_w\*bnI$C)fVr"
Conan Nail,cnail1k@trellian.com,"oS8?YYJwk""FAQo3Vo0@jY/@yozN*yWGiDSt?$SCcnP4~rwjZ|H6|,2/4phN""&@ZLj*c$R/g(<CCEQ(fT!WUV"
Bella Bartholomieu,bbartholomieu1l@elegantthemes.com,"rY2%lPvd)Mu0x'X""Sry4%(j5H8hH\zG%(O$fOyJnl3w?>""aOuE8OYr~egbCJ!2(}04s"
Nicolas Cardiff,ncardiff1m@mit.edu,"tS6}4)pk(j&I""\G?5(TmzZuP)*LMoRygNi{\P*nkF/2VR$F.`_?3&o{pl6,kvXE2?9a7XtJ"
Burton Edmondson,bedmondson1n@google.co.jp,"kP4""bOrH|my+z{tIFo}h\|we&}5>NwFW|SlN5rIPRN%K+ynW|)@"
Jenn Jotham,jjotham1o@unicef.org,"aO3&CXF7S!@CmHtg{|HD""Dr#cI?k/)q.sGyIq)e@0|W=&<v&>Ki#8hzVXoDKZaKv|$30@3Da/>f<w2,""l<)gsVtG#w"
Dory Quartley,dquartley1p@geocities.jp,"jL0(&TmF.X$$R8,/M'&&3,Pz,I,zM77@<0x{,<G4jrNO<lmat5Joi'5H#6/9*7UfEX"
Maxim Burling,mburling1q@typepad.com,"wC1>Kl&*aX{L8ek(?V,FKG75ph?9#mxl_strV6/jYXIRH\P/qN+J8omz7hiNr"">iaN(ILhqt"
Thorstein Showalter,tshowalter1r@tripod.com,eP5%`z(fk6<~>5XvDd=meT9Z?++=`Q0*X8PeNL}HR2/CXur_/$%ytB\7G
Reggie Bolles,rbolles1s@wordpress.com,"vU4""76.u@A?@k7h41IUhwX|YjgYfJ2*yAkh.!oi{It2ja4L#>xFIMBw"
Harlin Cowitz,hcowitz1t@msn.com,"tR3@boP%NXRtN8@""Omg?HYa9&hpT3*dYSRN~SEQ!zZ>3q{PT)f_K+~"
Westley Coultass,wcoultass1u@imgur.com,"qT6'0JHUB,U'|JzPTqFG8h$)BG%C*vgV(kKqesdP%Ni/4'IDyCL2qbA#nZ5%Zs7`P$3"
Ingrid Thow,ithow1v@samsung.com,"jI3>6*4cF\6{neG.18HRtDsrU{\,@*gB?X!Y?lVDXqv?oy""J#\vrP(eyO}o0fRWu4'Sn\D5X=l25Du2S{wR"
Hanan Spatari,hspatari1w@time.com,"eV7(""O4|mj""PY/>qt7awM/6y5mQk(s_ZCyt6M$EZQ""'*HA{TPEg'hv&yA|juB"
Tricia Fudger,tfudger1x@nyu.edu,"rN3""amu|~q5MvzG,%s,f2AinIhe'6~G=s,tEM*gM!<vPeCo>=YJ%r!}>9P{=RbmO<I/_IM\iyj.MP.c!"
Iormina Bridat,ibridat1y@sakura.ne.jp,"iI3{R}EG@3o*1'R+`#QHaQsxi(j,*wJjV'P=b_z*T4?be?u/QP3$(z"
Isa Batcock,ibatcock1z@marriott.com,"yF2.E>U?u""p.k?2%1(k@O~1Sc`UMBTXNLKaU('O!6`f<NkarVD+GlPvzA59peJu9ybAj,mKGBstBBN,fFu39zQ$+="
Mendy Dayne,mdayne20@fc2.com,"yF7\>LdoprHL}ggAp2#{hED,""C*bvG/*P&ob7)zh9uSI_jOpvG=LLhZ0?tK7&>CrpR>No>O9b"
Jo-ann Chstney,jchstney21@nasa.gov,"fG7/MQ9B\.t9\nX2o\E?qZ$|z{@&@9me/}~t}PQLi|WkQZ`l=Y10*Z2S.!L||Gdv,Qc""`jrz5#2K&I'u6"
Web Wabersich,wwabersich22@cpanel.net,bW2~D_770>wT'ub9EaxP`h)uI?41_f{T&%s|8%/RPX=_}shis|6M!<xXWEr&RQq90Y
Celestine Ricciardiello,cricciardiello23@creativecommons.org,"uG4/IYdQB\C1Yp}*DOai""m3M5=pp(9@5sz!QK,>o@H.zA~).>T.XVyevIvs)k/4aT0)Z2*w.PtzD8q""rT(5"
Hurleigh Toleman,htoleman24@ft.com,"sB7<ZryfCmM(j8.#ZxB7kN9mv`""4Ir|a+$FV*J`!D0j+uqJz72OI<<`odRF"
Rhys Stickles,rstickles25@barnesandnoble.com,xB1=?~Ai*btye_RF.$c_}W87O.VOjnv9|NIC$_iQfqUIHol@Chr!Sjm
Tallia Bagworth,tbagworth26@fema.gov,"rV3+4jy&'K8zbbV4rEPBj/7NwLP~e8y{qYYK|/gnjF'7|GCcSw3+P}at9@\aa?PLW,"
Carlin Bellsham,cbellsham27@chicagotribune.com,"aN3?`|/FLi9h97FZD|x~eP""&BGm~v{G&ijS&X9tZ""GKXFUP`ids<rM%f)3""AT1WeEV'TWzuB?.%APZ"
Floria Franzonello,ffranzonello28@wired.com,"oO9!ir,4@0aT)E6~$<?u\E}6#23OqtbgN&""_>F{Qz,<ksZAqBMjGpm1ei""P<J>M8GN0=>PY_"
Ashly Wilks,awilks29@weibo.com,pS2|5A)T8J*&X)4hDSlAQkJt`Bz0o'31F%yi=Nt*V6~Z%?>XQaeqJw!OoYtNcAJIJVw$H%R5Y
Kata Di Francecshi,kdi2a@microsoft.com,"tC3@kPS8F#{(vzDf8U!4jeWb5SDjq|IbxU!88aDjMX$&x),i"
Garold Beningfield,gbeningfield2b@va.gov,uT2@Qn1nHIPhm7YwEWw/cjC!R=sSD\OftO+%PMf5{oCP46YP
Lynea Crowest,lcrowest2c@europa.eu,"wV2{Tfy/#6""S8P19i>~yDd@CTzLq<kZE}nB@o?pJcaeb7G(zM'WMM"
Dinnie Farnham,dfarnham2d@tinyurl.com,"qE6_,0pdnJBPX_~c16+#pU.A7}NBkd0f(+vqr5RPKsTUxhd/f{u.3$19g1V9Bh}=ToY7@AxhndIaO"
Isaiah Leftwich,ileftwich2e@icio.us,"zG8\sE""?ue`({p`$UP%%0>l!v!""50I&Sc4b+2`<iYzh*<X5gR&""`GS`0N/iR2kbVG(rx4~IXrK*Ms(Ih#+r}3D"
Zacherie Bloxam,zbloxam2f@yale.edu,"dZ1_Kja(hEP0yARRw8WRuz#2,},U(QRn/0p|kgcfZ3~_4zM$1qPMdS@3Q2Ck"""
Hirsch Flute,hflute2g@mlb.com,"cB5?wv2mBs\5K3dCZi4_Vo?t4)).Vsq!(lt6Q""97RsjW|T7m+`'lDy(lpPNh\QleH(?5_k"
Staffard Boliver,sboliver2h@altervista.org,"pP5{Ks#7>|t&{s+Vy8.tOfeh7$$vZ~oB&H7""1ntnZA4_g#!$V}+T/rKahZ%zHj(Slp!8y$`QNVc)@pu&F=>v"
Traver Gabby,tgabby2i@webs.com,uK0&gg7G<1wJJszv$}_fHhPuN0g4`9\QKtMbEUU!%YHCl|d
Breanne Fruchter,bfruchter2j@wufoo.com,"jL9(xA`TAbD&$\cgcXWD\}Rh&dQ/SX38PaYJF(Q}I4H_~'P\Zgnn1j*48|?,"
Jorgan Yankov,jyankov2k@cnet.com,vD5%=l5%p0I\*y5qh$&AXMo8iM4&g!_!u2SK1BjD<3ER+l!)Y3rr=#NdrVt{a
Thurston Wanden,twanden2l@jalbum.net,"zA8|HiSKX0wIn{2,YC_7V_F&p!hXN|VDUtwI!I=mdrPgV@btGv!p,)$O>)5dl}St=)5p9?K9m|""y~}"
Monica Coo,mcoo2m@zdnet.com,"eO4.gbisA?6LvHla,oG>Uf<P@&,WAKNJtnV$b0,BQV3>`w""/_VDag~O2.S9nRYX,ok#7k<Jgv|j"
Angie Clackson,aclackson2n@nsw.gov.au,dO2@RqS~%|'A{+nn}A0*n=EVI0peNi6hk/|j}ziEBBss>y?a8.59Yc+Hore6#f}r2~Ob\.U
Trever Darridon,tdarridon2o@google.com.au,"tI1!))1QkxV}z`p2p)0|69=I,`4Q{sQpI,6PTPad4t/|TEKQj/BWLK},0IYKnj%9nIE5|@""Q6B78AneKwlTO~h\"
Tony Lethem,tlethem2p@amazon.com,"nO5((k|`aCAiL9wcEMspH_xJ_\5f+Fl7z$<IH&UdLr5rfgUCT&X\%}is>4f}ztLo3\g2|+T4T@5i!/IZ""V%E{0fU"
Margaret Quaife,mquaife2q@gnu.org,wR9|p1taIy1DGLV@Aq+WnDtQCbl/7=#y=5q!yRRRE2*/UlqQFUAVj
Merrili Boatwright,mboatwright2r@microsoft.com,sR4<OczC}R(A+?4pv\8AM%7LBsvFdb!iKIxpPH*TCk%NL%e+2*XK~xpo17\'x=Wsn\ZaH/WMTryO4i~xu}5ipo+XUP
